SbjNum,SECC,Edad,Sexo,CREDENCIAL,P2,P3A,P3B,P3C,P4,P5A,ideologia,P5B,P5C,P6,P7,percepcion,P8,PESOF,entidad,KEY
196232448,6,39,2,1,2,-1,-1,-1,2,1,MORENA,2,-1,7,1,Aprueba,1,4006.58,11,11_1
196233006,6,31,2,1,1,1,1,1,1,1,MORENA,1,-1,1,1,Aprueba,1,5127.97,11,11_1
196233479,6,33,1,1,1,1,-1,-1,1,1,MORENA,3,-1,7,1,Aprueba,2,6228.51,11,11_1
196234418,6,59,2,1,2,-1,-1,-1,2,1,MORENA,1,-1,2,1,Aprueba,1,6581.94,11,11_1
196131304,71,29,2,1,1,-1,-1,-1,1,1,MORENA,1,-1,1,1,Aprueba,1,6004.83,11,11_2
196131407,71,70,1,1,7,-1,2,-1,7,2,MORENA,3,-1,7,1,Aprueba,99,6324.02,11,11_2
196131689,71,49,2,1,95,-1,-1,-1,95,3,NS,-1,-1,95,1,Aprueba,1,3851.72,11,11_2
196131784,71,34,1,1,7,-1,1,-1,1,2,MORENA,1,-1,7,2,Desaprueba,99,5392.2,11,11_2
196132187,71,47,2,1,7,-1,1,-1,7,1,MORENA,1,-1,7,1,Aprueba,1,3588.2,11,11_2
196132777,71,36,1,1,7,2,1,-1,7,1,MORENA,1,2,7,1,Aprueba,1,5618.26,11,11_2
196165601,146,30,2,1,7,-1,2,-1,7,1,MORENA,2,-1,7,1,Aprueba,2,3370.82,11,11_3
196173607,146,18,2,1,7,-1,-1,-1,1,1,MORENA,1,-1,7,1,Aprueba,99,3411.59,11,11_3
196173043,146,49,1,1,1,2,2,2,1,1,MORENA,1,-1,95,2,Desaprueba,1,2885.11,11,11_3
196175523,146,42,1,1,95,-1,-1,-1,95,2,MORENA,3,-1,95,2,Desaprueba,2,3446.21,11,11_3
196175734,146,50,1,1,1,-1,-1,99,2,3,NS,1,-1,1,2,Desaprueba,2,2494.8,11,11_3
196132749,163,61,1,1,2,2,-1,-1,1,2,MORENA,1,-1,1,2,Desaprueba,2,3947.09,11,11_3
196136338,163,18,1,1,1,2,-1,-1,2,1,MORENA,-1,-1,7,1,Aprueba,1,4031.1,11,11_3
196132117,163,50,2,1,7,99,99,-1,7,1,MORENA,2,-1,7,1,Aprueba,2,2560.7,11,11_3
196158869,163,62,1,1,99,-1,-1,-1,2,1,MORENA,2,-1,2,1,Aprueba,2,3562.7,11,11_3
196155061,163,40,1,1,7,-1,-1,-1,7,2,MORENA,2,-1,7,1,Aprueba,2,3210.44,11,11_3
196156749,163,62,2,1,1,99,99,99,1,3,NS,1,99,1,2,Desaprueba,1,5045.3,11,11_3
196161203,163,36,1,1,7,2,-1,-1,7,1,MORENA,3,2,7,1,Aprueba,2,2772.09,11,11_3
196160368,163,38,2,1,7,-1,-1,-1,7,1,MORENA,2,-1,7,1,Aprueba,99,2982.34,11,11_3
196126010,172,68,2,1,1,-1,-1,-1,1,1,MORENA,2,-1,2,1,Aprueba,1,5045.3,11,11_3
196126170,172,18,2,1,95,-1,-1,-1,95,1,MORENA,1,-1,95,1,Aprueba,99,3662.14,11,11_3
196126801,172,31,2,1,2,-1,-1,-1,2,1,MORENA,1,-1,7,2,Desaprueba,1,4008.78,11,11_3
196128943,172,59,1,1,7,99,1,-1,7,1,MORENA,1,99,7,1,Aprueba,1,3318.95,11,11_3
196128300,172,29,1,1,7,1,2,-1,7,1,MORENA,-1,-1,7,1,Aprueba,1,3526.27,11,11_3
196128944,172,39,2,1,2,-1,-1,-1,2,1,MORENA,-1,-1,7,1,Aprueba,1,3546.77,11,11_3
196129181,172,35,2,1,6,-1,-1,-1,1,1,MORENA,3,-1,6,2,Desaprueba,2,3178.76,11,11_3
196216153,208,63,2,1,3,1,-1,-1,3,1,MORENA,3,-1,2,1,Aprueba,1,4378.25,11,11_3
196222480,208,54,2,1,7,2,1,-1,7,1,MORENA,1,-1,7,1,Aprueba,1,2381.18,11,11_3
196216211,208,24,2,1,7,-1,-1,-1,7,1,MORENA,-1,-1,7,1,Aprueba,99,3172.42,11,11_3
196217464,208,36,2,1,1,-1,-1,-1,1,1,MORENA,1,-1,4,1,Aprueba,1,3194.33,11,11_3
196222481,208,65,1,1,7,3,-1,-1,7,1,MORENA,3,-1,7,1,Aprueba,2,3086.27,11,11_3
196220780,208,50,1,1,95,-1,-1,-1,95,99,NS,-1,-1,95,99,NS,99,2162.01,11,11_3
196222332,208,20,1,1,1,1,1,1,1,1,MORENA,1,-1,7,1,Aprueba,1,3748.49,11,11_3
196110554,239,50,1,1,95,-1,-1,-1,95,99,NS,-1,-1,99,99,NS,99,2162.01,11,11_3
196112725,239,48,1,1,4,-1,-1,-1,7,2,MORENA,-1,-1,7,1,Aprueba,2,2503.45,11,11_3
196115927,239,49,2,1,6,-1,2,-1,6,99,NS,1,-1,2,2,Desaprueba,99,2970.31,11,11_3
196122720,239,40,2,1,7,2,-1,-1,7,1,MORENA,99,-1,7,1,Aprueba,1,3900.58,11,11_3
196121465,239,45,2,1,7,-1,1,-1,5,1,MORENA,-1,-1,7,1,Aprueba,2,2786.77,11,11_3
196120330,239,50,1,1,7,2,2,-1,7,1,MORENA,99,-1,7,1,Aprueba,2,2014.1,11,11_3
196124560,239,32,2,1,2,-1,-1,-1,2,1,MORENA,2,-1,7,1,Aprueba,1,3727.74,11,11_3
196115917,252,26,1,1,6,-1,-1,99,6,1,MORENA,1,-1,5,99,NS,99,3295.09,11,11_4
196117436,252,40,1,1,7,-1,-1,-1,7,1,MORENA,3,-1,7,1,Aprueba,1,3988.94,11,11_4
196119441,252,46,2,1,6,-1,-1,-1,6,1,MORENA,1,-1,6,1,Aprueba,99,3436,11,11_4
196121081,252,45,1,1,4,1,2,2,6,2,MORENA,1,-1,1,99,NS,99,4102.8,11,11_4
196126991,265,44,1,1,95,-1,-1,-1,95,1,MORENA,3,-1,7,1,Aprueba,2,4766.07,11,11_4
196127156,265,66,2,1,7,-1,-1,-1,7,1,MORENA,2,-1,7,1,Aprueba,1,7546.44,11,11_4
196127026,265,72,1,1,1,-1,-1,-1,1,1,MORENA,-1,-1,7,1,Aprueba,2,7284.21,11,11_4
196127990,265,49,2,1,1,1,1,-1,1,1,MORENA,1,1,1,1,Aprueba,1,4133.01,11,11_4
196127900,265,36,2,1,95,-1,-1,-1,95,2,MORENA,-1,-1,5,99,NS,2,4854.71,11,11_4
196128406,265,44,1,1,7,1,1,1,7,1,MORENA,1,-1,7,1,Aprueba,1,4439.99,11,11_4
196129461,265,32,1,1,7,-1,-1,-1,7,1,MORENA,3,-1,7,1,Aprueba,99,5392.2,11,11_4
196129565,265,34,2,1,7,-1,1,-1,7,1,MORENA,1,-1,7,1,Aprueba,2,4714.43,11,11_4
196130447,265,45,2,1,1,-1,-1,-1,7,1,MORENA,1,-1,7,1,Aprueba,99,4133.01,11,11_4
196154718,302,42,2,1,1,1,-1,-1,1,3,NS,1,-1,1,2,Desaprueba,1,6489.4,11,11_5
196156341,302,71,1,1,7,-1,1,-1,7,1,MORENA,3,-1,7,1,Aprueba,2,6324.02,11,11_5
196155863,302,35,1,1,7,1,-1,-1,1,1,MORENA,1,-1,7,1,Aprueba,1,5618.26,11,11_5
196161210,302,22,1,1,7,-1,-1,-1,6,1,MORENA,3,-1,7,1,Aprueba,2,3867.27,11,11_5
196164178,303,27,1,1,7,1,1,-1,7,1,MORENA,-1,-1,7,1,Aprueba,1,3389.1,11,11_5
196165153,303,75,1,1,7,-1,-1,-1,7,1,MORENA,3,1,7,1,Aprueba,1,6228.54,11,11_5
196169947,303,50,1,1,7,-1,-1,-1,7,1,MORENA,1,-1,7,1,Aprueba,99,4598.1,11,11_5
196168038,303,42,2,1,7,-1,-1,-1,7,1,MORENA,1,-1,7,1,Aprueba,1,5548.92,11,11_5
196173019,303,41,2,1,1,-1,-1,-1,1,2,MORENA,1,-1,1,1,Aprueba,99,6391.43,11,11_5
196156188,352,41,2,1,7,-1,-1,-1,2,1,MORENA,-1,-1,4,1,Aprueba,99,5633.98,11,11_7
196157060,352,58,1,1,7,-1,1,-1,7,1,MORENA,99,1,7,1,Aprueba,2,6324.02,11,11_7
196157875,352,25,1,1,7,2,2,-1,7,1,MORENA,3,-1,7,1,Aprueba,1,3441.05,11,11_7
196161033,352,19,1,1,7,-1,-1,-1,7,1,MORENA,1,-1,7,1,Aprueba,99,3867.27,11,11_7
196162411,352,35,1,1,6,-1,-1,1,6,1,MORENA,1,-1,1,2,Desaprueba,2,5988.27,11,11_7
196166440,352,19,2,1,1,1,1,1,1,1,MORENA,1,1,1,1,Aprueba,1,3992.1,11,11_7
196124184,356,32,2,1,7,-1,-1,-1,7,1,MORENA,3,-1,7,1,Aprueba,2,4714.43,11,11_7
196125877,356,35,2,1,7,1,1,-1,7,1,MORENA,-1,-1,7,1,Aprueba,2,4522.57,11,11_7
196127350,356,51,2,1,95,99,99,-1,95,1,MORENA,1,-1,95,2,Desaprueba,2,5937.94,11,11_7
196128095,356,57,1,1,1,1,99,-1,1,3,NS,1,3,1,2,Desaprueba,1,7284.21,11,11_7
196128800,356,63,2,1,95,99,-1,-1,95,1,MORENA,3,-1,95,1,Aprueba,2,8100.65,11,11_7
196129556,356,47,1,1,7,1,1,1,2,1,MORENA,1,1,7,1,Aprueba,2,4248.85,11,11_7
196130282,356,42,1,1,7,3,-1,-1,7,1,MORENA,3,-1,7,1,Aprueba,2,4439.99,11,11_7
196131203,356,19,1,1,1,1,2,-1,1,1,MORENA,3,-1,7,1,Aprueba,2,4454.45,11,11_7
196131632,356,19,2,1,2,-1,1,-1,1,1,MORENA,1,-1,2,1,Aprueba,1,4121.81,11,11_7
196174075,380,39,1,1,7,-1,-1,-1,7,1,MORENA,3,-1,7,1,Aprueba,2,5618.26,11,11_7
196175737,380,74,1,1,7,3,-1,-1,7,1,MORENA,3,-1,7,1,Aprueba,2,6324.02,11,11_7
196179267,380,26,2,1,7,-1,-1,-1,6,3,NS,3,-1,6,1,Aprueba,2,5213.28,11,11_7
196180300,380,40,2,1,1,1,2,-1,1,3,NS,1,2,1,2,Desaprueba,2,6489.4,11,11_7
196181374,380,34,1,1,4,-1,-1,-1,2,1,MORENA,1,-1,6,2,Desaprueba,1,5795.6,11,11_7
196213399,380,20,1,1,6,-1,-1,-1,6,1,MORENA,1,-1,7,1,Aprueba,2,4121.97,11,11_7
196215838,384,29,1,1,7,-1,-1,-1,7,1,MORENA,3,-1,7,1,Aprueba,2,3441.05,11,11_7
196217565,384,65,1,1,2,-1,-1,-1,95,3,NS,99,-1,2,2,Desaprueba,2,7520.89,11,11_7
196220522,384,56,2,1,95,99,-1,-1,7,1,MORENA,99,-1,7,1,Aprueba,2,8100.65,11,11_7
196222054,384,42,2,1,1,1,99,-1,1,1,MORENA,1,-1,1,1,Aprueba,1,6489.4,11,11_7
196125775,473,25,1,1,7,-1,-1,-1,7,1,MORENA,-1,-1,7,1,Aprueba,1,3441.05,11,11_7
196125786,473,44,2,1,1,1,-1,-1,1,1,MORENA,1,-1,1,2,Desaprueba,1,6489.4,11,11_7
196126310,473,65,1,1,7,-1,-1,-1,7,1,MORENA,3,-1,7,1,Aprueba,2,6324.02,11,11_7
196124581,473,50,2,1,4,1,-1,-1,3,1,MORENA,1,-1,5,1,Aprueba,1,5945.53,11,11_7
196127640,473,46,1,1,7,-1,-1,-1,5,1,MORENA,3,-1,5,1,Aprueba,2,4248.85,11,11_7
196130609,514,45,2,1,7,1,2,-1,7,1,MORENA,1,3,5,1,Aprueba,1,2416.11,11,11_7
196131303,514,60,2,1,95,99,-1,-1,95,99,NS,-1,-1,95,99,NS,99,3790.74,11,11_7
196131653,514,71,1,1,7,-1,-1,-1,7,1,MORENA,99,-1,7,1,Aprueba,2,2675.78,11,11_7
196161701,526,62,2,1,3,3,1,2,7,1,MORENA,2,-1,7,2,Desaprueba,2,7287.65,11,11_7
196162857,526,34,1,1,7,-1,-1,-1,7,1,MORENA,3,-1,7,1,Aprueba,2,4844.42,11,11_7
196163439,526,67,1,1,7,3,99,-1,7,1,MORENA,3,-1,7,1,Aprueba,2,5681.58,11,11_7
196165220,526,54,1,1,95,-1,-1,-1,95,1,MORENA,-1,-1,95,99,NS,99,4502.35,11,11_7
196164912,526,36,2,1,7,-1,-1,-1,6,1,MORENA,-1,-1,7,1,Aprueba,2,4063.13,11,11_7
196206443,632,42,1,1,7,99,1,-1,7,1,MORENA,-1,-1,7,1,Aprueba,2,2985.36,11,11_9
196207751,632,80,2,1,1,-1,-1,-1,1,3,NS,3,1,1,2,Desaprueba,1,4691.59,11,11_9
196208563,632,40,2,1,7,3,2,2,7,1,MORENA,1,-1,7,1,Aprueba,1,3900.58,11,11_9
196210972,632,24,1,1,95,-1,-1,-1,95,99,NS,3,-1,95,1,Aprueba,2,3493.37,11,11_9
196179459,636,64,1,1,95,99,99,-1,95,2,MORENA,2,-1,95,1,Aprueba,2,3562.7,11,11_9
196179481,636,46,2,1,1,1,-1,-1,1,1,MORENA,1,-1,1,1,Aprueba,1,3451.9,11,11_9
196179812,636,23,2,1,5,1,1,-1,7,1,MORENA,1,-1,7,1,Aprueba,2,3667.66,11,11_9
196180557,636,35,2,1,7,-1,1,-1,4,1,MORENA,2,-1,4,1,Aprueba,1,2982.34,11,11_9
196181588,636,31,1,1,95,99,-1,-1,95,1,MORENA,3,-1,7,1,Aprueba,2,4448.81,11,11_9
196182043,636,22,1,1,7,1,1,-1,7,1,MORENA,2,-1,7,1,Aprueba,2,3499.72,11,11_9
196182641,636,55,1,1,7,-1,-1,-1,7,1,MORENA,1,-1,7,1,Aprueba,2,3318.95,11,11_9
196182557,636,45,1,1,1,99,-1,-1,1,1,MORENA,1,-1,1,1,Aprueba,1,2885.11,11,11_9
196183264,636,35,1,1,7,-1,1,-1,7,1,MORENA,-1,-1,7,1,Aprueba,1,2772.09,11,11_9
196180751,638,68,1,1,1,1,1,-1,7,1,MORENA,1,1,7,1,Aprueba,1,3554.87,11,11_9
196181645,638,35,2,1,7,-1,1,-1,7,1,MORENA,-1,-1,7,1,Aprueba,99,2773.26,11,11_9
196182251,638,37,1,1,95,-1,-1,-1,95,99,NS,-1,-1,95,99,NS,2,2767.06,11,11_9
196182382,638,73,2,1,7,-1,1,-1,7,1,MORENA,-1,-1,7,1,Aprueba,2,4073.15,11,11_9
196109663,654,26,1,1,1,1,2,-1,1,1,MORENA,3,-1,7,1,Aprueba,1,3560.88,11,11_10
196113084,654,35,2,1,7,-1,-1,-1,7,2,MORENA,2,-1,7,1,Aprueba,1,4063.13,11,11_10
196114706,654,23,2,1,1,1,-1,-1,1,2,MORENA,2,-1,5,1,Aprueba,1,3586.56,11,11_10
196113895,654,22,2,1,1,1,-1,-1,1,2,MORENA,1,-1,1,2,Desaprueba,1,3586.56,11,11_10
196119501,654,21,1,1,1,-1,-1,-1,4,1,MORENA,1,-1,2,1,Aprueba,1,4001.94,11,11_10
196116616,654,43,1,1,95,1,-1,-1,95,2,MORENA,99,-1,95,2,Desaprueba,1,4281.9,11,11_10
196119363,654,47,1,1,1,-1,-1,-1,1,1,MORENA,1,-1,1,1,Aprueba,1,4396.8,11,11_10
196153913,670,45,2,1,7,-1,-1,-1,95,1,MORENA,-1,-1,7,1,Aprueba,2,3588.2,11,11_11
196154186,670,57,1,1,7,-1,-1,-1,7,1,MORENA,3,-1,7,1,Aprueba,2,6324.02,11,11_11
196155374,670,34,2,1,7,-1,-1,-1,7,1,MORENA,1,-1,7,1,Aprueba,99,4714.43,11,11_11
196156313,670,41,1,1,7,-1,-1,-1,95,1,MORENA,99,-1,7,99,NS,99,4439.99,11,11_11
196173660,670,38,2,1,7,-1,-1,-1,7,1,MORENA,-1,-1,7,1,Aprueba,99,4522.57,11,11_11
196224544,720,29,1,1,2,-1,-1,-1,2,1,MORENA,1,-1,4,1,Aprueba,1,4761.6,11,11_12
196224160,720,59,2,1,7,-1,1,-1,7,1,MORENA,3,1,7,1,Aprueba,99,5534.49,11,11_12
196225380,720,51,1,1,6,-1,-1,-1,1,99,NS,99,-1,2,1,Aprueba,99,2752.54,11,11_12
196225870,720,25,2,1,1,1,-1,-1,1,1,MORENA,1,1,7,1,Aprueba,1,6286.4,11,11_12
196235586,756,48,2,1,7,3,99,-1,7,1,MORENA,3,-1,7,1,Aprueba,2,2416.11,11,11_14
196238083,756,47,1,1,4,-1,2,-1,7,1,MORENA,-1,-1,7,1,Aprueba,2,2170.47,11,11_14
196235896,756,44,2,1,7,-1,-1,-1,7,1,MORENA,3,-1,7,1,Aprueba,2,3381.77,11,11_14
196236321,756,29,1,1,7,-1,-1,-1,7,1,MORENA,3,-1,7,1,Aprueba,2,2842.92,11,11_14
196238719,756,59,2,1,7,-1,-1,-1,7,1,MORENA,-1,-1,7,1,Aprueba,1,3531.39,11,11_14
196238720,756,25,1,1,2,-1,1,1,7,1,MORENA,-1,-1,1,1,Aprueba,2,3380.96,11,11_14
196238718,756,63,1,1,1,1,-1,-1,1,3,NS,1,3,1,2,Desaprueba,1,3082.05,11,11_14
196182764,803,35,2,1,1,1,99,-1,1,1,MORENA,99,-1,7,1,Aprueba,1,3194.33,11,11_14
196183531,803,26,2,1,1,-1,-1,-1,1,2,MORENA,2,2,6,2,Desaprueba,1,7100.9,11,11_14
196183383,803,27,1,1,1,99,-1,-1,1,1,MORENA,1,-1,5,1,Aprueba,1,3776.92,11,11_14
196184174,803,32,2,1,95,3,1,99,7,1,MORENA,3,-1,7,1,Aprueba,2,3364.71,11,11_14
196184055,803,57,2,1,7,1,1,99,7,1,MORENA,3,-1,5,1,Aprueba,2,4073.15,11,11_14
196184182,803,33,1,1,1,-1,-1,-1,1,1,MORENA,2,-1,7,2,Desaprueba,1,4439.03,11,11_14
196185920,803,37,1,1,4,-1,-1,-1,1,99,NS,99,-1,5,1,Aprueba,1,2770.59,11,11_14
196219414,809,39,1,1,7,-1,-1,-1,2,1,MORENA,-1,-1,1,1,Aprueba,1,2577.75,11,11_14
196220285,809,44,1,1,95,-1,-1,-1,95,2,MORENA,3,-1,95,1,Aprueba,1,3204.61,11,11_14
196221148,809,35,2,1,7,-1,99,-1,7,1,MORENA,3,-1,7,1,Aprueba,2,2773.26,11,11_14
196221745,809,52,1,1,7,-1,1,-1,7,1,MORENA,3,-1,7,1,Aprueba,2,2014.1,11,11_14
196225564,809,21,1,1,7,-1,-1,-1,7,1,MORENA,-1,-1,7,1,Aprueba,99,3254.37,11,11_14
196223951,809,38,2,1,7,-1,-1,-1,7,1,MORENA,3,-1,7,1,Aprueba,2,2773.26,11,11_14
196205879,814,47,2,1,95,2,2,2,95,1,MORENA,2,2,95,1,Aprueba,1,2991.44,11,11_14
196206628,814,59,2,1,1,2,-1,-1,1,1,MORENA,1,-1,7,1,Aprueba,1,4691.59,11,11_14
196206864,814,50,1,1,1,1,99,99,1,3,NS,99,-1,1,2,Desaprueba,1,2319.9,11,11_14
196206629,814,26,2,1,5,-1,-1,-1,1,1,MORENA,1,-1,1,1,Aprueba,99,6627.6,11,11_14
196207684,814,36,2,1,1,1,-1,-1,7,2,MORENA,2,-1,5,1,Aprueba,1,3194.33,11,11_14
196212427,814,46,1,1,7,2,2,2,7,1,MORENA,2,-1,7,1,Aprueba,1,2329.19,11,11_14
196210449,814,40,1,1,1,1,-1,-1,1,1,MORENA,2,-1,1,1,Aprueba,1,3438.64,11,11_14
196233982,821,27,2,1,6,-1,-1,99,6,3,NS,-1,-1,1,2,Desaprueba,1,5696.91,11,11_14
196233983,821,32,1,1,1,-1,-1,-1,3,2,MORENA,3,-1,6,1,Aprueba,99,3848.61,11,11_14
196233660,821,49,1,1,7,1,1,-1,7,1,MORENA,3,1,7,1,Aprueba,1,2019.39,11,11_14
196238716,821,75,1,1,95,1,1,-1,7,1,MORENA,1,-1,7,1,Aprueba,1,2872.29,11,11_14
196224135,853,29,1,1,1,1,1,1,5,1,MORENA,1,-1,1,1,Aprueba,2,4061.67,11,11_15
196220009,853,44,2,1,7,1,1,1,7,1,MORENA,3,-1,7,1,Aprueba,2,4194.65,11,11_15
196220161,853,39,1,1,7,-1,-1,1,7,1,MORENA,-1,-1,7,1,Aprueba,1,2772.09,11,11_15
196222125,853,45,1,1,1,-1,1,2,1,1,MORENA,3,-1,4,1,Aprueba,1,2885.11,11,11_15
196221961,853,64,1,1,1,1,-1,-1,1,1,MORENA,1,-1,4,1,Aprueba,1,3822.88,11,11_15
196210217,870,60,1,1,7,-1,1,-1,7,1,MORENA,3,-1,7,1,Aprueba,2,3318.95,11,11_15
196208394,870,18,1,1,7,-1,-1,-1,7,2,MORENA,3,-1,7,1,Aprueba,1,3499.72,11,11_15
196208950,870,78,2,1,1,-1,-1,-1,99,2,MORENA,-1,-1,1,2,Desaprueba,1,5045.3,11,11_15
196214198,870,53,2,1,2,-1,-1,-1,99,1,MORENA,-1,1,2,2,Desaprueba,1,3045.33,11,11_15
196210344,870,34,1,1,2,-1,-1,-1,2,3,NS,1,-1,2,1,Aprueba,2,4928.8,11,11_15
196210892,870,18,2,1,1,-1,-1,-1,7,2,MORENA,2,-1,7,1,Aprueba,2,3929.58,11,11_15
196214199,870,35,2,1,7,1,-1,-1,7,1,MORENA,3,-1,7,1,Aprueba,99,2982.34,11,11_15
196231108,885,18,2,1,1,1,1,-1,5,1,MORENA,1,-1,7,1,Aprueba,1,3654.1,11,11_15
196231635,885,37,2,1,7,1,1,1,7,1,MORENA,3,-1,7,1,Aprueba,2,2773.26,11,11_15
196231754,885,39,1,1,7,99,99,99,7,1,MORENA,1,-1,1,2,Desaprueba,1,2577.75,11,11_15
196231756,885,50,2,1,1,2,2,99,5,1,MORENA,-1,-1,1,1,Aprueba,1,2742.72,11,11_15
196132000,979,50,1,1,2,1,-1,1,2,3,NS,1,-1,2,2,Desaprueba,2,3071.2,11,11_17
196131933,979,58,1,1,7,2,3,99,7,2,MORENA,3,-1,7,1,Aprueba,2,5615.07,11,11_17
196154203,979,27,1,1,7,2,-1,99,4,1,MORENA,3,-1,7,1,Aprueba,2,4003.84,11,11_17
196156398,979,28,1,1,1,1,1,1,2,1,MORENA,1,1,2,99,NS,1,4611.76,11,11_17
196158257,979,24,2,1,1,-1,-1,1,6,1,MORENA,1,-1,7,1,Aprueba,1,3569.74,11,11_17
196162325,1059,23,2,1,1,-1,1,1,1,3,NS,2,-1,1,2,Desaprueba,2,3569.74,11,11_17
196163474,1059,36,1,1,99,-1,-1,3,99,1,MORENA,3,-1,7,1,Aprueba,1,3390.13,11,11_17
196163718,1059,44,2,1,5,-1,-1,99,95,3,NS,1,-1,3,2,Desaprueba,99,4487.05,11,11_17
196165225,1059,68,2,1,7,2,2,3,7,1,MORENA,3,-1,7,1,Aprueba,2,5534.49,11,11_17
196165295,1059,27,2,1,1,1,-1,1,1,1,MORENA,3,-1,7,1,Aprueba,2,6286.4,11,11_17
196169984,1059,24,1,1,99,-1,-1,-1,7,3,NS,1,-1,95,1,Aprueba,2,3190.16,11,11_17
196166237,1059,52,2,1,1,99,-1,99,1,1,MORENA,1,-1,1,1,Aprueba,1,5477.89,11,11_17
196166445,1059,55,2,1,1,99,-1,3,1,3,NS,1,-1,1,2,Desaprueba,1,6374.81,11,11_17
196168923,1059,52,1,1,7,-1,1,-1,7,1,MORENA,-1,-1,7,1,Aprueba,2,2582.46,11,11_17
196179384,1106,47,1,1,7,-1,-1,3,7,99,NS,3,-1,99,1,Aprueba,2,4329.31,11,11_17
196179873,1106,44,1,1,1,99,-1,99,1,2,MORENA,2,-1,3,1,Aprueba,2,6253.18,11,11_17
196180330,1106,62,1,1,7,1,-1,-1,4,1,MORENA,-1,-1,7,1,Aprueba,1,5615.07,11,11_17
196180346,1106,22,2,1,7,-1,1,-1,5,1,MORENA,1,-1,7,1,Aprueba,99,3099.18,11,11_17
196180623,1106,55,2,1,7,1,1,1,5,1,MORENA,1,-1,5,1,Aprueba,1,5534.49,11,11_17
196109235,1126,44,2,1,1,-1,-1,1,6,1,MORENA,-1,-1,6,1,Aprueba,1,4803.74,11,11_17
196113343,1126,31,2,1,1,1,-1,1,1,1,MORENA,1,-1,1,2,Desaprueba,1,5123.97,11,11_17
196118233,1126,18,2,1,1,1,2,1,2,2,MORENA,1,-1,1,2,Desaprueba,1,3566.96,11,11_17
196118969,1126,37,1,1,99,99,99,99,95,2,MORENA,2,-1,99,1,Aprueba,1,3387.49,11,11_17
196118234,1126,48,1,1,1,-1,-1,2,1,2,MORENA,2,-1,5,2,Desaprueba,2,4982.75,11,11_17
196118970,1126,23,1,1,7,-1,-1,-1,6,1,MORENA,-1,-1,7,1,Aprueba,99,2969.58,11,11_17
196119585,1126,34,1,1,7,-1,-1,-1,7,2,MORENA,-1,-1,7,1,Aprueba,99,5403.26,11,11_17
196117499,1133,71,1,1,1,2,-1,1,1,2,MORENA,2,-1,7,1,Aprueba,2,7624.04,11,11_17
196117107,1133,39,2,1,1,99,99,99,1,1,MORENA,1,-1,1,1,Aprueba,1,4574.33,11,11_17
196117358,1133,49,2,1,2,-1,-1,1,4,1,MORENA,-1,-1,5,1,Aprueba,1,5342.74,11,11_17
196118496,1133,33,1,1,1,1,3,3,1,2,MORENA,1,-1,1,2,Desaprueba,1,7342.17,11,11_17
196120458,1133,32,2,1,7,-1,-1,-1,7,1,MORENA,-1,-1,7,1,Aprueba,1,5248.02,11,11_17
196122623,1133,42,1,1,5,2,2,1,4,2,MORENA,2,2,4,1,Aprueba,1,6879.93,11,11_17
196126964,1141,72,1,1,7,-1,-1,99,7,1,MORENA,-1,-1,7,1,Aprueba,99,5610.7,11,11_17
196128593,1141,49,2,1,7,-1,1,1,7,1,MORENA,3,-1,7,1,Aprueba,2,3808.11,11,11_17
196128316,1141,24,2,1,7,-1,1,1,7,1,MORENA,2,-1,7,1,Aprueba,99,3096.77,11,11_17
196130307,1141,48,1,1,6,1,-1,1,6,1,MORENA,1,-1,7,1,Aprueba,1,4610.84,11,11_17
196233477,1152,71,1,1,7,-1,-1,3,7,99,NS,99,1,7,1,Aprueba,1,5615.07,11,11_17
196233967,1152,32,2,1,1,-1,-1,1,6,1,MORENA,1,-1,6,1,Aprueba,99,5127.97,11,11_17
196234023,1152,38,2,1,5,-1,-1,1,6,2,MORENA,3,2,7,1,Aprueba,99,3621.85,11,11_17
196234187,1152,44,2,1,7,-1,-1,1,3,1,MORENA,1,-1,4,1,Aprueba,1,4173.77,11,11_17
196234430,1152,36,1,1,1,-1,-1,2,7,2,MORENA,2,-1,7,1,Aprueba,1,3637.71,11,11_17
196234477,1152,50,1,1,7,-1,-1,2,7,1,MORENA,1,-1,7,1,Aprueba,1,2582.46,11,11_17
196234661,1152,33,1,1,7,-1,-1,99,7,1,MORENA,1,-1,7,1,Aprueba,99,5407.48,11,11_17
196235111,1152,68,2,1,1,1,99,1,1,1,MORENA,99,-1,5,1,Aprueba,1,6374.81,11,11_17
196216260,1158,27,2,1,1,1,-1,-1,1,1,MORENA,-1,-1,1,2,Desaprueba,1,7410.41,11,11_17
196219782,1158,37,1,1,7,2,-1,2,1,1,MORENA,-1,-1,7,1,Aprueba,2,3722.87,11,11_17
196220007,1158,55,2,1,95,2,2,2,95,2,MORENA,99,-1,95,99,NS,99,7003.2,11,11_17
196221570,1158,67,1,1,99,-1,-1,-1,99,1,MORENA,3,-1,99,1,Aprueba,2,7105.16,11,11_17
196223327,1158,53,1,1,99,99,1,2,99,1,MORENA,2,-1,99,1,Aprueba,2,3267.77,11,11_17
196223354,1158,35,1,1,7,-1,-1,-1,7,1,MORENA,3,-1,7,1,Aprueba,2,3722.87,11,11_17
196227468,1162,57,1,1,1,-1,99,2,1,99,NS,99,-1,1,2,Desaprueba,2,7624.04,11,11_17
196228488,1162,40,2,1,1,-1,1,1,1,1,MORENA,2,-1,1,1,Aprueba,1,5667.07,11,11_17
196228602,1162,48,1,1,7,2,2,2,7,1,MORENA,3,-1,7,1,Aprueba,2,5103.39,11,11_17
196228863,1162,34,1,1,7,-1,1,1,7,1,MORENA,1,-1,7,1,Aprueba,2,6374.33,11,11_17
196229776,1162,27,2,1,7,-1,1,-1,7,1,MORENA,-1,-1,7,1,Aprueba,2,6433.58,11,11_17
196230149,1162,32,2,1,7,-1,-1,-1,7,1,MORENA,3,-1,7,1,Aprueba,1,5248.02,11,11_17
196231184,1162,36,1,1,1,99,1,1,1,1,MORENA,-1,-1,1,1,Aprueba,2,4288.13,11,11_17
196231321,1162,18,2,1,7,-1,-1,1,7,1,MORENA,1,-1,7,1,Aprueba,1,3653.32,11,11_17
196175575,1176,28,1,1,7,1,3,3,7,1,MORENA,3,-1,7,1,Aprueba,2,4003.84,11,11_17
196206572,1176,32,2,1,1,1,3,1,1,3,NS,1,-1,1,1,Aprueba,2,5127.97,11,11_17
196165175,1227,26,2,1,95,-1,-1,-1,95,2,MORENA,2,-1,95,1,Aprueba,99,5511.66,11,11_19
196157127,1227,61,1,1,7,-1,-1,-1,7,1,MORENA,1,-1,4,1,Aprueba,1,6228.54,11,11_19
196156070,1227,37,2,1,1,-1,-1,-1,1,1,MORENA,1,-1,2,1,Aprueba,1,5130.6,11,11_19
196165176,1227,23,2,1,7,-1,-1,-1,4,1,MORENA,3,-1,7,1,Aprueba,2,3413.54,11,11_19
196157128,1227,47,1,1,7,1,1,1,4,1,MORENA,2,-1,7,1,Aprueba,2,4184.71,11,11_19
196157591,1227,45,2,1,2,-1,-1,-1,1,1,MORENA,1,-1,7,99,NS,99,4202.87,11,11_19
196165177,1227,43,1,1,7,3,1,2,7,1,MORENA,2,2,7,1,Aprueba,2,4372.96,11,11_19
196161776,1227,27,1,1,7,-1,-1,-1,3,1,MORENA,-1,-1,7,1,Aprueba,2,3389.1,11,11_19
196207417,1267,46,1,1,4,-1,2,-1,4,3,NS,3,-1,5,1,Aprueba,2,4612.49,11,11_20
196207233,1267,79,2,1,7,99,-1,-1,5,1,MORENA,2,-1,7,1,Aprueba,1,5067.8,11,11_20
196209448,1267,39,2,1,1,-1,-1,-1,1,99,NS,1,-1,1,1,Aprueba,2,4797.32,11,11_20
196211021,1267,72,1,1,7,-1,-1,-1,7,1,MORENA,3,-1,7,1,Aprueba,1,4274.45,11,11_20
196216942,1675,54,1,1,7,99,3,99,7,1,MORENA,3,-1,7,1,Aprueba,2,3274.25,11,11_20
196226117,1276,39,2,1,1,2,2,-1,1,2,MORENA,2,-1,7,1,Aprueba,1,4797.32,11,11_20
196226370,1276,19,1,1,1,-1,99,-1,1,1,MORENA,1,-1,1,1,Aprueba,1,4159.84,11,11_20
196226680,1276,33,1,1,1,1,-1,-1,1,1,MORENA,1,-1,1,2,Desaprueba,1,6279.55,11,11_20
196227387,1276,52,1,1,7,-1,1,-1,7,1,MORENA,3,-1,7,1,Aprueba,2,3274.25,11,11_20
196221036,1278,54,1,1,95,99,1,-1,95,1,MORENA,3,99,95,1,Aprueba,2,3514.71,11,11_20
196220892,1278,18,1,1,7,-1,-1,-1,7,1,MORENA,2,1,7,1,Aprueba,2,3611.5,11,11_20
196220788,1278,42,2,1,1,1,-1,-1,1,1,MORENA,3,1,5,1,Aprueba,1,5847.37,11,11_20
196221569,1278,38,1,1,1,-1,1,1,5,1,MORENA,1,-1,1,1,Aprueba,1,5049.99,11,11_20
196222297,1278,31,2,1,7,1,1,-1,7,1,MORENA,2,-1,7,1,Aprueba,99,4086.7,11,11_20
196222149,1278,19,2,1,7,2,-1,-1,7,1,MORENA,-1,-1,7,1,Aprueba,2,3571.13,11,11_20
196222831,1278,35,1,1,99,1,2,-1,99,1,MORENA,1,-1,99,1,Aprueba,1,4706.29,11,11_20
196223562,1278,67,1,1,95,1,1,-1,95,1,MORENA,1,-1,95,1,Aprueba,1,4588.37,11,11_20
196253031,1365,64,1,1,7,2,2,-1,7,1,MORENA,2,-1,7,2,Desaprueba,1,4274.45,11,11_20
196253632,1365,44,2,1,6,2,2,-1,7,1,MORENA,1,-1,4,99,NS,99,5410.92,11,11_20
196253769,1365,18,1,1,1,2,-1,-1,7,1,MORENA,3,2,7,1,Aprueba,1,4159.84,11,11_20
196254715,1365,53,2,1,99,1,1,-1,99,1,MORENA,1,-1,99,1,Aprueba,1,4065.62,11,11_20
196254849,1365,65,2,1,1,1,3,-1,1,3,NS,1,-1,1,2,Desaprueba,1,5837.27,11,11_20
196255590,1365,36,1,1,7,3,2,2,7,1,MORENA,1,-1,7,2,Desaprueba,2,4384.3,11,11_20
196255385,1365,24,2,1,1,1,1,-1,1,1,MORENA,1,-1,1,2,Desaprueba,1,4113.35,11,11_20
196257685,1365,50,1,1,1,1,3,-1,1,3,NS,1,-1,1,2,Desaprueba,1,3771.39,11,11_20
196256794,1365,32,1,1,1,-1,2,2,7,2,MORENA,2,-1,7,2,Desaprueba,1,6279.55,11,11_20
196256487,1365,34,2,1,99,-1,-1,-1,99,1,MORENA,-1,-1,99,1,Aprueba,99,4386.83,11,11_20
196264044,1388,20,2,1,1,1,-1,-1,1,1,MORENA,-1,-1,7,1,Aprueba,1,4113.35,11,11_20
196264136,1388,47,2,1,1,99,-1,-1,1,3,NS,1,-1,1,1,Aprueba,1,5270.27,11,11_20
196263635,1388,34,2,1,1,1,-1,-1,1,3,NS,1,-1,1,2,Desaprueba,1,4707.2,11,11_20
196264728,1388,74,2,1,7,2,2,1,7,1,MORENA,2,-1,7,1,Aprueba,1,5067.8,11,11_20
196264731,1388,65,1,1,1,2,99,99,3,2,MORENA,1,-1,1,1,Aprueba,1,4923.45,11,11_20
196265861,1388,51,1,1,1,1,1,-1,1,1,MORENA,1,-1,1,1,Aprueba,2,3771.39,11,11_20
196265612,1388,42,1,1,7,-1,1,-1,7,1,MORENA,1,-1,7,1,Aprueba,2,3899.46,11,11_20
196266953,1388,50,2,1,1,-1,2,-1,1,3,NS,2,-1,1,2,Desaprueba,1,4362.53,11,11_20
196160137,1468,27,2,1,2,-1,1,-1,2,1,MORENA,1,-1,5,1,Aprueba,99,4884.7,11,11_20
196161037,1468,24,2,1,7,-1,-1,-1,7,1,MORENA,1,-1,7,1,Aprueba,99,3571.13,11,11_20
196167534,1484,75,2,1,7,-1,-1,-1,7,99,NS,1,-1,99,1,Aprueba,99,4667.31,11,11_20
196167498,1484,43,1,1,7,-1,1,-1,7,1,MORENA,3,-1,7,1,Aprueba,2,3591.29,11,11_20
196167284,1484,39,2,1,7,3,1,-1,7,1,MORENA,1,-1,5,99,NS,99,3835.8,11,11_20
196167427,1484,37,2,1,7,1,1,-1,7,1,MORENA,3,-1,7,1,Aprueba,2,3835.8,11,11_20
196168973,1484,33,2,1,7,-1,-1,-1,7,1,MORENA,1,-1,7,1,Aprueba,99,3763.74,11,11_20
196170964,1484,18,1,1,7,-1,1,-1,7,3,NS,3,-1,7,1,Aprueba,2,3326.09,11,11_20
196171306,1484,18,2,1,1,1,1,-1,1,99,NS,-1,-1,1,1,Aprueba,99,3788.29,11,11_20
196171924,1484,47,2,1,7,-1,2,-1,7,1,MORENA,-1,-1,5,1,Aprueba,2,4213.96,11,11_20
196173702,1484,23,1,1,7,2,-1,-1,7,1,MORENA,1,-1,7,1,Aprueba,2,3326.09,11,11_20
196124144,1583,46,1,1,7,-1,1,-1,7,1,MORENA,-1,-1,7,1,Aprueba,2,4291.44,11,11_20
196130884,1583,37,2,1,1,3,-1,-1,1,3,NS,1,-1,7,1,Aprueba,2,4797.32,11,11_20
196124844,1583,34,2,1,5,1,-1,-1,1,1,MORENA,1,-1,4,1,Aprueba,1,4393.45,11,11_20
196126313,1583,45,2,1,7,-1,-1,-1,7,1,MORENA,1,1,7,1,Aprueba,1,4575.55,11,11_20
196130885,1583,58,1,1,7,1,1,-1,7,1,MORENA,1,-1,7,1,Aprueba,1,4274.45,11,11_20
196127478,1583,24,2,1,6,1,1,-1,1,1,MORENA,3,-1,5,1,Aprueba,1,3806.33,11,11_20
196130886,1583,55,2,1,1,1,-1,-1,1,2,MORENA,1,-1,1,2,Desaprueba,1,5837.27,11,11_20
196128274,1583,61,1,1,1,1,99,1,1,3,NS,1,1,1,2,Desaprueba,1,4923.45,11,11_20
196129305,1583,21,1,1,1,-1,-1,-1,1,3,NS,2,-1,1,2,Desaprueba,1,4159.84,11,11_20
196129892,1583,36,1,1,7,-1,1,2,7,1,MORENA,3,-1,7,1,Aprueba,2,4384.3,11,11_20
196130399,1583,28,1,1,7,-1,-1,-1,7,1,MORENA,1,-1,7,1,Aprueba,2,5163.87,11,11_20
196180507,1589,49,1,1,7,-1,1,-1,7,1,MORENA,3,-1,7,1,Aprueba,2,4291.44,11,11_20
196180345,1589,44,1,1,7,2,2,-1,7,2,MORENA,2,-1,7,1,Aprueba,2,3899.46,11,11_20
196181010,1589,36,2,1,7,1,-1,-1,7,1,MORENA,3,-1,7,1,Aprueba,99,4164.94,11,11_20
196181077,1589,51,2,1,1,99,-1,-1,1,1,MORENA,-1,-1,1,2,Desaprueba,1,4362.53,11,11_20
196181007,1589,65,2,1,7,1,99,-1,7,1,MORENA,3,-1,7,1,Aprueba,1,5067.8,11,11_20
196182477,1589,34,1,1,7,-1,2,-1,7,2,MORENA,2,-1,7,1,Aprueba,2,5451.79,11,11_20
196181889,1589,73,1,1,99,-1,1,-1,99,1,MORENA,-1,-1,99,1,Aprueba,1,4588.37,11,11_20
196175205,1592,29,1,1,7,1,1,1,7,1,MORENA,1,1,7,1,Aprueba,1,5163.87,11,11_20
196175845,1592,40,2,1,5,2,2,3,7,1,MORENA,2,-1,5,1,Aprueba,1,5457.63,11,11_20
196176330,1592,23,2,1,7,1,1,-1,7,1,MORENA,-1,-1,7,1,Aprueba,1,3571.13,11,11_20
196176275,1592,22,2,1,6,3,-1,-1,6,1,MORENA,3,1,6,1,Aprueba,1,3806.33,11,11_20
196176325,1592,51,2,1,1,1,1,-1,1,1,MORENA,-1,-1,7,1,Aprueba,1,4362.53,11,11_20
196177519,1592,45,1,1,5,2,2,-1,4,1,MORENA,1,-1,1,2,Desaprueba,99,4613.55,11,11_20
196164321,1597,71,2,1,5,1,-1,1,6,1,MORENA,1,-1,7,1,Aprueba,1,5448.19,11,11_20
196164051,1597,51,2,1,7,-1,-1,-1,7,1,MORENA,2,2,7,1,Aprueba,1,3787.47,11,11_20
196167140,1597,34,2,1,7,-1,2,-1,7,2,MORENA,2,-1,7,1,Aprueba,1,4086.7,11,11_20
196163855,1597,58,2,1,1,1,1,1,7,1,MORENA,1,1,7,1,Aprueba,1,5837.27,11,11_20
196166875,1597,30,2,1,7,-1,-1,-1,99,2,MORENA,2,-1,7,1,Aprueba,99,4086.7,11,11_20
196166163,1597,50,1,1,1,1,-1,-1,3,3,NS,2,3,3,2,Desaprueba,2,3771.39,11,11_20
196170051,1597,35,1,1,1,1,99,1,1,1,MORENA,1,1,7,1,Aprueba,2,5049.99,11,11_20
196153728,1601,38,2,1,1,1,-1,-1,1,1,MORENA,1,-1,1,2,Desaprueba,99,4797.32,11,11_20
196155263,1601,40,1,1,1,-1,-1,-1,1,1,MORENA,3,-1,5,99,NS,1,4491.52,11,11_20
196153808,1601,64,2,1,5,1,2,1,7,1,MORENA,3,-1,5,1,Aprueba,1,5448.19,11,11_20
196154414,1601,54,1,1,7,1,-1,-1,1,1,MORENA,1,-1,7,1,Aprueba,1,3274.25,11,11_20
196156031,1601,35,1,1,6,-1,2,-1,7,2,MORENA,-1,-1,7,1,Aprueba,99,4673.05,11,11_20
196158114,1601,53,2,1,99,99,-1,-1,99,2,MORENA,-1,-1,99,1,Aprueba,2,4065.62,11,11_20
196158281,1601,23,2,1,3,-1,1,-1,5,1,MORENA,3,-1,5,1,Aprueba,2,3838.63,11,11_20
196110142,1635,40,1,1,99,1,1,-1,1,1,MORENA,1,-1,1,1,Aprueba,1,4185.84,11,11_20
196109519,1635,27,2,1,95,1,1,-1,95,1,MORENA,-1,-1,95,2,Desaprueba,2,4409,11,11_20
196116672,1635,24,2,1,7,3,1,3,7,1,MORENA,3,-1,7,1,Aprueba,1,3571.13,11,11_20
196118035,1635,44,2,1,99,99,99,-1,99,2,MORENA,2,-1,99,1,Aprueba,2,5449.41,11,11_20
196117585,1635,31,1,1,95,-1,-1,-1,95,1,MORENA,1,-1,95,1,Aprueba,99,5852.17,11,11_20
196119761,1635,54,1,1,99,-1,1,-1,99,1,MORENA,3,-1,5,1,Aprueba,2,3514.71,11,11_20
196120098,1635,55,1,1,7,-1,1,-1,7,1,MORENA,-1,-1,7,1,Aprueba,2,4274.45,11,11_20
196110062,1647,33,1,1,7,-1,-1,-1,7,2,MORENA,3,-1,4,1,Aprueba,1,5451.79,11,11_20
196112592,1647,55,1,1,7,99,-1,-1,7,1,MORENA,3,-1,7,1,Aprueba,1,4274.45,11,11_20
196114378,1647,35,2,1,7,-1,-1,-1,7,1,MORENA,3,-1,7,1,Aprueba,99,4164.94,11,11_20
196260989,1667,45,2,1,99,2,-1,-1,99,2,MORENA,1,-1,99,99,NS,99,4911.58,11,11_20
196256469,1667,71,1,1,1,1,3,-1,1,3,NS,1,-1,1,2,Desaprueba,1,4923.45,11,11_20
196261916,1667,72,2,1,5,99,99,-1,5,1,MORENA,1,-1,7,1,Aprueba,1,5448.19,11,11_20
196257332,1667,26,1,1,3,-1,-1,-1,3,2,MORENA,1,-1,1,1,Aprueba,2,5550.67,11,11_20
196261917,1667,20,1,1,7,-1,1,-1,7,1,MORENA,1,-1,7,1,Aprueba,2,3611.5,11,11_20
196259238,1667,36,1,1,7,-1,2,-1,7,1,MORENA,1,-1,1,2,Desaprueba,1,4384.3,11,11_20
196215211,1675,27,2,1,4,2,1,-1,5,1,MORENA,1,-1,5,1,Aprueba,99,4414.63,11,11_20
196216587,1675,44,1,1,7,-1,-1,-1,7,1,MORENA,-1,-1,95,1,Aprueba,2,3899.46,11,11_20
196216271,1675,18,2,1,1,99,-1,-1,1,99,NS,99,-1,1,2,Desaprueba,1,4113.35,11,11_20
196216918,1675,65,1,1,1,99,-1,-1,1,1,MORENA,1,-1,1,2,Desaprueba,1,4923.45,11,11_20
196217414,1675,29,1,1,7,1,-1,1,7,2,MORENA,-1,1,1,1,Aprueba,1,5163.87,11,11_20
196220843,1704,23,1,1,2,1,-1,-1,2,3,NS,1,-1,1,1,Aprueba,2,4295,11,11_20
196221111,1704,70,2,1,1,99,-1,-1,1,3,NS,1,2,1,2,Desaprueba,1,5837.27,11,11_20
196222031,1704,53,1,1,1,1,-1,-1,1,3,NS,1,3,1,2,Desaprueba,1,3771.39,11,11_20
196222201,1704,51,2,1,99,2,1,-1,99,1,MORENA,-1,-1,99,1,Aprueba,2,4065.62,11,11_20
196221530,1704,26,1,1,99,-1,-1,-1,99,1,MORENA,-1,-1,99,1,Aprueba,99,5543.11,11,11_20
196222154,1704,44,1,1,95,2,2,-1,95,3,NS,2,2,6,2,Desaprueba,2,4185.84,11,11_20
196224984,1704,24,2,1,1,-1,-1,-1,1,1,MORENA,-1,-1,1,2,Desaprueba,99,4113.35,11,11_20
196223991,1704,44,2,1,1,1,1,99,1,1,MORENA,1,-1,1,1,Aprueba,1,5847.37,11,11_20
196224488,1704,29,2,1,95,-1,-1,-1,7,1,MORENA,1,-1,95,1,Aprueba,99,4409,11,11_20
196223228,1704,73,1,1,1,2,-1,99,1,3,NS,1,-1,1,2,Desaprueba,1,4923.45,11,11_20
196228391,1737,45,2,1,7,-1,-1,-1,7,1,MORENA,3,-1,7,1,Aprueba,2,4575.55,11,11_20
196228103,1737,58,2,1,1,99,-1,-1,1,1,MORENA,-1,-1,1,1,Aprueba,1,5837.27,11,11_20
196227857,1737,30,2,1,1,2,1,-1,1,1,MORENA,1,-1,1,1,Aprueba,1,4707.2,11,11_20
196227980,1737,42,2,1,5,2,-1,-1,7,1,MORENA,-1,-1,5,1,Aprueba,1,5457.63,11,11_20
196230106,1737,45,1,1,1,1,99,99,1,1,MORENA,3,1,7,1,Aprueba,1,4943.02,11,11_20
196206390,1773,48,2,1,7,1,1,-1,7,1,MORENA,3,-1,7,1,Aprueba,2,4575.55,11,11_20
196209095,1773,34,1,1,7,2,-1,-1,2,1,MORENA,2,-1,99,1,Aprueba,1,5451.79,11,11_20
196206709,1773,43,2,1,1,2,-1,-1,1,3,NS,2,-1,1,2,Desaprueba,99,5847.37,11,11_20
196208292,1773,58,1,1,1,1,2,-1,1,3,NS,1,1,1,2,Desaprueba,1,4923.45,11,11_20
196209584,1773,24,1,1,4,-1,-1,-1,5,1,MORENA,1,-1,5,1,Aprueba,1,3881.68,11,11_20
196209643,1773,43,1,1,7,1,2,-1,2,1,MORENA,-1,-1,2,1,Aprueba,2,3899.46,11,11_20
196213951,1779,55,1,1,7,1,99,-1,1,1,MORENA,1,-1,7,1,Aprueba,1,4274.45,11,11_20
196213072,1779,60,2,1,1,1,-1,-1,1,99,NS,99,-1,1,1,Aprueba,99,5837.27,11,11_20
196213227,1779,24,2,1,6,1,1,-1,6,1,MORENA,1,-1,1,1,Aprueba,1,3806.33,11,11_20
196214182,1779,45,2,1,1,1,-1,-1,1,1,MORENA,1,-1,7,2,Desaprueba,1,5270.27,11,11_20
196214711,1779,44,2,1,7,1,2,-1,6,1,MORENA,3,2,7,1,Aprueba,2,5076.58,11,11_20
196215393,1779,18,1,1,7,-1,-1,-1,7,1,MORENA,-1,-1,7,1,Aprueba,99,3611.5,11,11_20
196216961,1779,44,1,1,7,-1,1,-1,7,1,MORENA,3,-1,7,1,Aprueba,2,3899.46,11,11_20
196180361,1870,53,2,1,7,1,1,1,3,1,MORENA,-1,-1,7,99,NS,99,5531.69,11,11_21
196184036,1870,52,2,1,3,-1,-1,-1,3,1,MORENA,2,-1,5,2,Desaprueba,2,5946.04,11,11_21
196184082,1870,81,2,1,95,99,-1,-1,95,1,MORENA,99,-1,95,1,Aprueba,2,8100.65,11,11_21
196180362,1870,47,1,1,3,-1,-1,-1,4,2,MORENA,2,-1,1,1,Aprueba,1,4567.11,11,11_21
196184037,1870,34,2,1,5,-1,-1,-1,99,1,MORENA,1,-1,4,2,Desaprueba,99,5068.29,11,11_21
196184083,1870,50,1,1,7,-1,1,1,7,3,NS,1,3,2,2,Desaprueba,2,4668.58,11,11_21
196184038,1870,38,1,1,7,-1,-1,-1,7,2,MORENA,3,-1,7,1,Aprueba,2,5618.26,11,11_21
196182541,1870,22,2,1,1,2,1,-1,3,1,MORENA,-1,-1,6,99,NS,1,3992.1,11,11_21
196184039,1870,44,2,1,7,-1,1,1,7,99,NS,99,-1,7,1,Aprueba,99,5633.98,11,11_21
196186213,1877,77,1,1,1,99,99,-1,1,99,NS,1,-1,1,2,Desaprueba,1,7284.21,11,11_21
196185451,1877,54,1,1,1,1,2,2,1,2,MORENA,2,-1,1,2,Desaprueba,99,5377.43,11,11_21
196185972,1877,32,1,1,1,1,-1,-1,1,1,MORENA,2,-1,1,99,NS,2,6210.91,11,11_21
196206553,1877,63,2,1,5,-1,-1,-1,1,2,MORENA,2,-1,3,99,NS,2,8112.87,11,11_21
196206871,1877,32,2,1,2,1,-1,-1,2,1,MORENA,1,-1,7,1,Aprueba,1,5606.67,11,11_21
196206762,1877,34,1,1,7,3,1,-1,7,2,MORENA,3,3,7,1,Aprueba,2,5392.2,11,11_21
196207527,1877,27,1,1,7,-1,1,-1,7,1,MORENA,3,-1,7,1,Aprueba,2,3441.05,11,11_21
196207494,1877,24,2,1,7,-1,-1,-1,7,1,MORENA,3,-1,7,1,Aprueba,2,3465.87,11,11_21
196208089,1877,27,2,1,6,-1,-1,-1,6,1,MORENA,-1,-1,7,1,Aprueba,1,5556.63,11,11_21
196210711,1877,66,1,1,6,99,99,99,6,1,MORENA,3,-1,4,1,Aprueba,2,6740.52,11,11_21
196210944,1877,69,2,1,6,-1,-1,-1,7,2,MORENA,99,-1,7,1,Aprueba,99,8043.44,11,11_21
196260164,1913,63,1,1,5,1,-1,-1,4,1,MORENA,99,-1,4,1,Aprueba,1,6036.54,11,11_23
196259815,1913,47,1,1,7,-1,-1,-1,7,1,MORENA,3,-1,7,1,Aprueba,1,4329.31,11,11_23
196262324,1913,18,1,1,1,1,-1,-1,7,1,MORENA,1,-1,7,1,Aprueba,1,3423.13,11,11_23
196269357,2008,50,2,1,7,1,1,-1,7,1,MORENA,3,-1,7,1,Aprueba,99,4752.09,11,11_23
196269121,2008,21,1,1,7,-1,-1,-1,7,1,MORENA,3,1,7,1,Aprueba,1,2969.58,11,11_23
196269889,2008,42,2,1,7,-1,-1,-1,7,1,MORENA,3,-1,7,1,Aprueba,2,4170.52,11,11_23
196270777,2008,55,2,1,95,-1,-1,-1,95,99,NS,99,-1,95,1,Aprueba,1,5936.32,11,11_23
196275215,2008,50,1,1,7,-1,-1,-1,7,2,MORENA,3,-1,95,1,Aprueba,2,2580.44,11,11_23
196270969,2008,55,1,1,7,-1,-1,-1,7,1,MORENA,1,-1,7,1,Aprueba,2,5610.7,11,11_23
196272903,2008,44,1,1,7,-1,-1,-1,7,2,MORENA,3,99,7,99,NS,99,5424.66,11,11_23
196275326,2019,33,1,1,2,-1,1,2,2,1,MORENA,1,-1,5,2,Desaprueba,1,6425.87,11,11_23
196275217,2019,39,2,1,7,-1,-1,-1,7,99,NS,99,-1,7,1,Aprueba,1,3366.35,11,11_23
196276085,2019,45,2,1,1,-1,-1,-1,1,3,NS,-1,-1,1,2,Desaprueba,99,4386.3,11,11_23
196277728,2019,34,2,1,99,1,1,-1,99,1,MORENA,3,3,99,1,Aprueba,1,4775.24,11,11_23
196278082,2019,54,1,1,3,-1,-1,-1,1,2,MORENA,-1,-1,1,1,Aprueba,99,2773.73,11,11_23
196278145,2019,23,1,1,1,-1,-1,-1,7,1,MORENA,-1,-1,7,1,Aprueba,1,3420.46,11,11_23
196278537,2019,37,1,1,1,-1,-1,-1,1,99,NS,99,-1,1,99,NS,99,3634.87,11,11_23
196176483,2042,43,1,1,7,99,99,-1,7,1,MORENA,3,-1,7,1,Aprueba,1,5428.89,11,11_25
196171635,2042,27,2,1,1,-1,2,-1,1,2,MORENA,2,-1,1,2,Desaprueba,1,6286.4,11,11_25
196172852,2042,36,1,1,1,1,1,-1,1,1,MORENA,1,-1,1,1,Aprueba,1,3637.71,11,11_25
196173399,2042,45,2,1,1,1,1,-1,5,1,MORENA,-1,-1,99,1,Aprueba,1,4389.72,11,11_25
196174686,2042,24,1,1,7,-1,1,-1,7,1,MORENA,-1,-1,7,1,Aprueba,1,2971.9,11,11_25
196175698,2042,55,2,1,7,1,1,-1,7,1,MORENA,1,-1,7,1,Aprueba,2,5534.49,11,11_25
196162999,2046,58,2,1,1,2,99,-1,1,99,NS,99,-1,1,2,Desaprueba,2,6369.84,11,11_25
196162020,2046,25,1,1,7,1,3,1,7,1,MORENA,1,-1,7,1,Aprueba,1,4000.72,11,11_25
196163075,2046,28,2,1,1,1,99,-1,1,1,MORENA,1,-1,1,1,Aprueba,1,6281.5,11,11_25
196164136,2046,36,2,1,1,1,-1,-1,6,1,MORENA,1,-1,1,2,Desaprueba,1,3877.47,11,11_25
196164348,2046,24,2,1,1,1,-1,-1,1,1,MORENA,1,-1,1,2,Desaprueba,1,3566.96,11,11_25
196165405,2046,31,2,1,1,1,1,-1,7,1,MORENA,2,-1,7,1,Aprueba,1,5123.97,11,11_25
196268461,2126,20,1,1,7,-1,-1,-1,7,1,MORENA,3,2,7,1,Aprueba,2,3867.27,11,11_27
196271320,2126,32,2,1,7,1,1,-1,7,1,MORENA,1,-1,7,1,Aprueba,2,4714.43,11,11_27
196268989,2126,26,2,1,6,3,-1,-1,6,3,NS,3,-1,6,2,Desaprueba,2,5556.63,11,11_27
196269833,2126,45,1,1,1,1,-1,1,5,3,NS,99,-1,1,2,Desaprueba,2,4893.97,11,11_27
196271730,2126,72,1,1,1,1,-1,-1,1,3,NS,1,2,1,2,Desaprueba,1,7284.21,11,11_27
196271261,2126,19,1,1,7,-1,-1,-1,99,99,NS,3,-1,7,1,Aprueba,99,3867.27,11,11_27
196272429,2126,50,1,1,4,2,-1,-1,4,2,MORENA,3,-1,5,1,Aprueba,2,5017.85,11,11_27
196273077,2126,76,2,1,99,99,1,-1,7,1,MORENA,3,3,7,1,Aprueba,2,8100.65,11,11_27
196272824,2126,18,2,1,6,-1,-1,-1,1,2,MORENA,2,-1,1,99,NS,99,3694.13,11,11_27
196257400,2164,66,2,1,1,-1,-1,-1,1,1,MORENA,1,-1,7,1,Aprueba,2,8692.24,11,11_27
196259525,2164,20,2,1,1,-1,-1,-1,1,1,MORENA,2,-1,7,2,Desaprueba,1,3992.1,11,11_27
196259541,2164,58,1,1,95,99,99,-1,95,99,NS,99,-1,95,2,Desaprueba,2,6788.46,11,11_27
196261595,2164,48,1,1,7,-1,-1,-1,7,1,MORENA,-1,-1,7,1,Aprueba,99,4248.85,11,11_27
196261055,2164,33,2,1,7,-1,2,-1,7,1,MORENA,2,-1,7,1,Aprueba,2,4714.43,11,11_27
196263318,2164,27,1,1,7,-1,-1,-1,7,1,MORENA,3,-1,7,1,Aprueba,99,3441.05,11,11_27
196276414,2220,24,2,1,7,99,-1,-1,5,1,MORENA,-1,-1,4,1,Aprueba,99,3413.54,11,11_27
196276881,2220,53,2,1,1,1,1,-1,1,1,MORENA,1,-1,1,1,Aprueba,1,6275.39,11,11_27
196278237,2220,32,1,1,1,99,99,99,1,2,MORENA,1,-1,1,2,Desaprueba,2,6117.14,11,11_27
196277270,2220,36,2,1,7,-1,-1,-1,7,1,MORENA,-1,-1,7,1,Aprueba,1,4454.29,11,11_27
196278085,2220,33,1,1,4,1,-1,-1,3,1,MORENA,1,-1,3,1,Aprueba,1,5708.1,11,11_27
196278234,2220,20,1,1,3,-1,-1,-1,6,1,MORENA,1,-1,4,2,Desaprueba,2,4094.19,11,11_27
196279032,2220,73,1,1,7,1,1,1,1,1,MORENA,-1,-1,7,1,Aprueba,1,6228.54,11,11_27
196279457,2220,35,1,1,7,-1,1,-1,7,1,MORENA,3,-1,7,1,Aprueba,2,5533.44,11,11_27
196206978,2228,36,2,1,1,1,1,-1,5,1,MORENA,-1,-1,5,1,Aprueba,99,5130.6,11,11_27
196208039,2228,56,2,1,1,-1,-1,-1,1,2,MORENA,2,-1,1,2,Desaprueba,2,8561.01,11,11_27
196208154,2228,75,1,1,7,-1,-1,-1,7,1,MORENA,-1,-1,7,1,Aprueba,99,6228.54,11,11_27
196208269,2228,48,1,1,7,-1,1,-1,7,1,MORENA,-1,-1,7,1,Aprueba,2,4184.71,11,11_27
196210467,2228,44,1,1,7,2,2,-1,7,2,MORENA,2,1,7,1,Aprueba,2,4372.96,11,11_27
196210101,2228,31,2,1,6,3,-1,3,6,1,MORENA,-1,-1,7,1,Aprueba,1,4949.06,11,11_27
196255106,2347,40,2,1,7,-1,-1,-1,5,1,MORENA,2,-1,7,1,Aprueba,99,4194.65,11,11_29
196255081,2347,25,1,1,1,-1,-1,-1,1,2,MORENA,2,2,6,99,NS,1,4061.67,11,11_29
196257248,2347,33,2,1,95,-1,-1,-1,95,1,MORENA,-1,-1,95,1,Aprueba,99,3618.38,11,11_29
196256896,2347,66,1,1,95,-1,-1,-1,95,1,MORENA,2,-1,95,1,Aprueba,1,3562.7,11,11_29
196256962,2347,74,2,1,7,-1,-1,-1,7,1,MORENA,-1,-1,5,1,Aprueba,1,4380.23,11,11_29
196258842,2347,52,1,1,7,1,1,1,7,1,MORENA,1,-1,7,2,Desaprueba,1,2165.94,11,11_29
196258650,2347,20,2,1,2,-1,2,-1,7,2,MORENA,2,-1,7,2,Desaprueba,1,4057.26,11,11_29
196259957,2347,38,1,1,1,1,2,3,1,3,NS,1,-1,2,2,Desaprueba,1,3192.98,11,11_29
196274691,2387,50,2,1,7,2,2,-1,7,1,MORENA,3,-1,7,1,Aprueba,2,2560.7,11,11_30
196275790,2387,75,1,1,7,-1,-1,-1,7,2,MORENA,3,-1,7,1,Aprueba,2,3318.95,11,11_30
196274663,2387,54,1,1,95,-1,-1,-1,95,99,NS,99,-1,95,99,NS,99,2325.01,11,11_30
196276114,2387,51,2,1,95,-1,-1,-1,95,2,MORENA,2,-1,95,99,NS,1,2748.76,11,11_30
196279378,2387,30,1,1,1,1,1,1,1,2,MORENA,1,-1,1,2,Desaprueba,1,4773.7,11,11_30
196278227,2387,41,2,1,7,99,-1,-1,7,1,MORENA,1,-1,7,2,Desaprueba,2,4194.65,11,11_30
196279309,2387,36,1,1,1,99,-1,-1,1,1,MORENA,1,-1,1,2,Desaprueba,1,3192.98,11,11_30
196267221,2409,50,2,1,1,-1,-1,-1,1,2,MORENA,2,-1,7,1,Aprueba,1,2377.92,11,11_30
196267691,2409,35,2,1,7,-1,1,-1,7,1,MORENA,1,1,6,1,Aprueba,1,2404.4,11,11_30
196270041,2409,58,2,1,1,99,1,99,1,99,NS,1,-1,1,2,Desaprueba,1,4067.58,11,11_30
196270935,2409,18,1,1,1,-1,-1,-1,1,2,MORENA,-1,-1,4,1,Aprueba,1,3249.92,11,11_30
196271625,2409,40,1,1,6,-1,-1,-1,6,2,MORENA,1,-1,2,2,Desaprueba,2,2758.75,11,11_30
196271822,2409,50,1,1,95,-1,2,-1,1,1,MORENA,2,-1,1,2,Desaprueba,99,1874.45,11,11_30
196271967,2409,35,1,1,5,-1,-1,-1,4,2,MORENA,2,-1,4,1,Aprueba,2,2402.64,11,11_30
196182017,2448,74,2,1,99,-1,-1,-1,99,99,NS,-1,-1,99,2,Desaprueba,1,5940.95,11,11_31
196179457,2448,42,2,1,1,1,1,-1,99,1,MORENA,2,-1,7,2,Desaprueba,1,4807.49,11,11_31
196179446,2448,57,2,1,1,-1,2,-1,1,2,MORENA,1,-1,1,1,Aprueba,99,6374.81,11,11_31
196179458,2448,51,1,1,7,-1,-1,-1,7,3,NS,3,-1,6,1,Aprueba,2,2582.46,11,11_31
196182018,2448,35,1,1,7,-1,-1,-1,1,1,MORENA,1,-1,7,1,Aprueba,1,3158.19,11,11_31
196180905,2448,25,1,1,99,-1,-1,-1,99,1,MORENA,1,-1,99,1,Aprueba,1,4297.89,11,11_31
196180671,2448,69,1,1,1,99,99,99,1,2,MORENA,2,-1,2,1,Aprueba,1,6467.63,11,11_31
196183430,2450,40,1,1,7,-1,-1,-1,7,1,MORENA,-1,-1,7,1,Aprueba,2,5428.89,11,11_31
196185199,2450,23,2,1,1,1,-1,-1,1,1,MORENA,1,-1,1,1,Aprueba,1,3569.74,11,11_31
196184165,2450,24,1,1,1,99,-1,99,1,1,MORENA,2,-1,7,1,Aprueba,2,3423.13,11,11_31
196184361,2450,42,2,1,1,1,1,-1,1,1,MORENA,3,-1,4,2,Desaprueba,2,4807.49,11,11_31
196185200,2450,54,2,1,99,99,99,-1,99,2,MORENA,2,-1,99,1,Aprueba,1,5105.07,11,11_31
196271198,2488,46,2,1,1,99,99,99,3,1,MORENA,99,-1,5,2,Desaprueba,1,4386.3,11,11_31
196266360,2488,30,2,1,1,2,2,-1,1,1,MORENA,2,-1,1,1,Aprueba,1,5123.97,11,11_31
196271062,2488,26,1,1,1,-1,-1,1,1,1,MORENA,3,-1,1,2,Desaprueba,1,4608.16,11,11_31
196270993,2488,37,1,1,7,1,-1,-1,7,1,MORENA,1,-1,7,1,Aprueba,99,3155.73,11,11_31
196256836,2527,46,1,1,7,-1,2,-1,4,1,MORENA,3,-1,7,1,Aprueba,2,2329.19,11,11_32
196260211,2527,67,2,1,7,-1,1,-1,7,1,MORENA,3,-1,7,1,Aprueba,2,4073.15,11,11_32
196256865,2527,24,2,1,7,-1,-1,-1,4,2,MORENA,-1,-1,7,1,Aprueba,1,3172.42,11,11_32
196260212,2527,45,2,1,7,-1,1,-1,7,1,MORENA,1,-1,7,1,Aprueba,1,2786.77,11,11_32
196260213,2527,34,2,1,1,-1,99,-1,1,2,MORENA,-1,-1,1,1,Aprueba,1,3610.43,11,11_32
196256838,2527,40,1,1,1,-1,1,-1,7,1,MORENA,3,-1,7,1,Aprueba,1,3438.64,11,11_32
196256866,2527,55,1,1,1,-1,-1,-1,4,1,MORENA,1,-1,7,1,Aprueba,1,3554.87,11,11_32
196231612,2536,48,2,1,7,-1,1,-1,7,1,MORENA,1,-1,7,1,Aprueba,1,2786.77,11,11_32
196231460,2536,20,2,1,7,-1,-1,-1,7,1,MORENA,1,-1,7,1,Aprueba,99,3172.42,11,11_32
196232441,2536,36,2,1,7,2,-1,-1,7,1,MORENA,1,2,3,1,Aprueba,2,2773.26,11,11_32
196233286,2536,34,2,1,7,-1,-1,-1,7,1,MORENA,1,-1,99,1,Aprueba,1,3134.51,11,11_32
196234363,2536,40,1,1,7,-1,99,-1,7,1,MORENA,3,-1,7,1,Aprueba,1,2985.36,11,11_32
196235655,2536,20,1,1,95,-1,-1,-1,95,1,MORENA,1,-1,95,1,Aprueba,99,3493.37,11,11_32
196235534,2536,54,2,1,1,-1,-1,-1,95,1,MORENA,-1,-1,5,99,NS,99,2742.72,11,11_32
196277999,2558,45,2,1,7,99,-1,-1,7,1,MORENA,99,-1,7,1,Aprueba,2,2996.87,11,11_33
196277644,2558,60,1,1,95,-1,-1,-1,95,99,NS,99,-1,95,99,NS,99,3562.7,11,11_33
196279092,2558,46,1,1,2,-1,-1,-1,2,1,MORENA,1,-1,2,2,Desaprueba,1,2978.85,11,11_33
196279970,2558,53,1,1,4,1,-1,-1,1,1,MORENA,3,-1,4,1,Aprueba,2,2327.98,11,11_33
196279860,2558,34,2,1,1,99,-1,-1,1,1,MORENA,3,-1,4,2,Desaprueba,99,3882.63,11,11_33
196281124,2560,42,2,1,1,99,-1,-1,1,1,MORENA,1,-1,4,1,Aprueba,1,4831.54,11,11_33
196281000,2560,26,2,1,2,-1,1,-1,2,1,MORENA,-1,-1,2,1,Aprueba,99,7884.36,11,11_33
196281497,2560,28,1,1,2,-1,-1,-1,2,1,MORENA,1,-1,4,1,Aprueba,1,4193.64,11,11_33
196281728,2560,60,1,1,7,2,-1,-1,7,1,MORENA,2,2,7,1,Aprueba,99,3318.95,11,11_33
196281691,2560,24,2,1,2,-1,-1,-1,7,99,NS,-1,-1,6,1,Aprueba,99,4057.26,11,11_33
196281921,2560,43,1,1,7,2,2,-1,7,1,MORENA,3,-1,7,1,Aprueba,1,3210.44,11,11_33
196282046,2560,45,2,1,7,-1,-1,-1,7,1,MORENA,3,-1,7,1,Aprueba,1,2996.87,11,11_33
196282775,2560,18,1,1,7,-1,-1,-1,7,1,MORENA,-1,-1,7,1,Aprueba,99,3499.72,11,11_33
196282723,2560,58,2,1,1,-1,-1,-1,1,1,MORENA,-1,-1,1,2,Desaprueba,1,5045.3,11,11_33
196213208,2632,52,2,1,3,-1,-1,-1,1,1,MORENA,-1,-1,3,1,Aprueba,99,5856.27,11,11_35
196214124,2632,37,2,1,7,-1,-1,-1,4,1,MORENA,2,-1,7,1,Aprueba,99,4454.29,11,11_35
196214525,2632,57,2,1,7,-1,-1,-1,7,1,MORENA,3,-1,7,1,Aprueba,1,7432.51,11,11_35
196214329,2632,65,1,1,5,1,1,1,5,1,MORENA,1,-1,5,1,Aprueba,1,6696.05,11,11_35
196215365,2632,18,1,1,1,-1,-1,-1,1,1,MORENA,-1,-1,5,1,Aprueba,99,4387.2,11,11_35
196216440,2632,36,1,1,1,1,-1,-1,1,1,MORENA,1,-1,4,1,Aprueba,2,6373.6,11,11_35
196217267,2632,53,1,1,99,-1,-1,-1,95,1,MORENA,-1,-1,99,99,NS,99,4935.79,11,11_35
196129845,2661,53,2,1,1,1,-1,-1,1,1,MORENA,3,-1,7,1,Aprueba,99,5477.89,11,11_37
196128209,2661,40,1,1,1,-1,-1,-1,5,99,NS,99,99,1,1,Aprueba,2,6253.18,11,11_37
196129744,2661,35,2,1,1,1,1,99,1,1,MORENA,1,-1,7,1,Aprueba,1,3880.5,11,11_37
196130402,2661,20,1,1,7,-1,-1,-1,7,1,MORENA,3,-1,5,1,Aprueba,2,2971.9,11,11_37
196130788,2661,27,1,1,7,-1,-1,-1,7,1,MORENA,1,-1,7,1,Aprueba,1,4003.84,11,11_37
196130953,2661,26,1,1,1,1,-1,-1,1,2,MORENA,1,1,1,2,Desaprueba,1,4611.76,11,11_37
196234827,2695,23,2,1,2,1,2,-1,2,2,MORENA,2,-1,1,1,Aprueba,1,3682.85,11,11_37
196234045,2695,24,1,1,7,1,1,2,7,1,MORENA,-1,-1,7,1,Aprueba,1,2969.58,11,11_37
196234364,2695,18,2,1,1,1,-1,-1,1,3,NS,1,1,1,99,NS,2,3566.96,11,11_37
196235303,2695,32,1,1,7,-1,-1,-1,7,1,MORENA,3,-1,7,1,Aprueba,2,5403.26,11,11_37
196234824,2695,37,1,1,7,1,-1,1,7,1,MORENA,1,-1,7,1,Aprueba,1,3155.73,11,11_37
196125321,2737,55,1,1,7,-1,-1,-1,7,1,MORENA,3,-1,7,1,Aprueba,2,6324.02,11,11_38
196125791,2737,25,2,1,1,-1,-1,-1,1,1,MORENA,1,-1,99,1,Aprueba,1,6004.83,11,11_38
196126573,2737,52,2,1,1,1,-1,-1,1,1,MORENA,1,-1,5,1,Aprueba,1,6371.58,11,11_38
196127367,2737,44,1,1,7,-1,-1,-1,7,2,MORENA,2,-1,7,1,Aprueba,2,4439.99,11,11_38
196217162,2791,65,1,1,7,-1,-1,-1,4,1,MORENA,-1,-1,7,1,Aprueba,2,6324.02,11,11_41
196217016,2791,37,1,1,7,-1,-1,-1,7,1,MORENA,99,-1,5,1,Aprueba,1,5618.26,11,11_41
196219267,2791,25,2,1,6,-1,-1,-1,6,1,MORENA,1,1,5,99,NS,1,5556.63,11,11_41
196219695,2791,45,2,1,6,-1,-1,-1,6,1,MORENA,1,-1,7,1,Aprueba,2,3824.52,11,11_41
196219934,2791,25,1,1,7,-1,-1,-1,7,2,MORENA,2,-1,7,1,Aprueba,99,3441.05,11,11_41
196223382,2791,44,1,1,7,-1,1,-1,7,1,MORENA,3,-1,7,1,Aprueba,99,4439.99,11,11_41
196223005,2791,56,2,1,2,-1,2,-1,4,1,MORENA,1,-1,4,99,NS,99,8974.66,11,11_41
196224667,2792,52,1,1,7,1,1,-1,7,1,MORENA,1,-1,7,1,Aprueba,99,4668.58,11,11_41
196229164,2792,53,2,1,2,-1,99,-1,95,2,MORENA,2,-1,95,2,Desaprueba,99,6578.6,11,11_41
196228834,2792,60,2,1,1,99,2,-1,6,2,MORENA,2,-1,1,99,NS,1,8692.24,11,11_41
196229198,2792,26,1,1,7,-1,-1,-1,7,1,MORENA,3,-1,7,1,Aprueba,1,3441.05,11,11_41
196230296,2792,27,2,1,7,-1,1,1,7,1,MORENA,1,-1,7,1,Aprueba,1,5213.28,11,11_41
196230411,2792,63,1,1,7,-1,2,-1,7,1,MORENA,3,-1,7,1,Aprueba,2,6324.02,11,11_41
196232024,2792,43,1,1,1,-1,-1,-1,1,1,MORENA,-1,-1,5,1,Aprueba,99,5114.13,11,11_41
196231679,2792,35,2,1,7,2,-1,-1,7,2,MORENA,3,-1,7,99,NS,2,4522.57,11,11_41
196235401,2837,55,1,1,7,-1,-1,2,7,1,MORENA,-1,-1,7,1,Aprueba,1,5615.07,11,11_42
196235120,2837,66,2,1,4,-1,2,-1,7,1,MORENA,3,-1,7,1,Aprueba,2,5948.54,11,11_42
196235023,2837,57,1,1,7,1,-1,-1,7,1,MORENA,2,-1,7,1,Aprueba,2,5615.07,11,11_42
196235402,2837,38,2,1,7,-1,-1,-1,7,3,NS,-1,-1,3,1,Aprueba,99,3368.97,11,11_42
196235551,2837,40,1,1,7,2,1,-1,4,2,MORENA,1,-1,2,1,Aprueba,2,5428.89,11,11_42
196235507,2837,35,2,1,1,1,1,99,7,1,MORENA,1,-1,7,99,NS,99,3880.5,11,11_42
196235854,2837,52,1,1,7,1,2,1,5,1,MORENA,3,2,7,1,Aprueba,2,2582.46,11,11_42
196235892,2837,34,1,1,7,-1,2,-1,7,1,MORENA,3,-1,7,1,Aprueba,2,5407.48,11,11_42
196254156,2837,21,1,1,1,1,99,-1,1,1,MORENA,1,-1,1,99,NS,1,3423.13,11,11_42
196261964,2866,62,1,1,7,-1,-1,-1,7,1,MORENA,-1,-1,7,1,Aprueba,99,5610.7,11,11_42
196266988,2866,32,2,1,1,1,-1,-1,1,1,MORENA,1,2,1,1,Aprueba,99,5123.97,11,11_42
196264362,2866,46,1,1,7,3,1,-1,7,1,MORENA,3,3,7,1,Aprueba,2,4325.93,11,11_42
196263127,2866,44,2,1,1,1,-1,-1,1,1,MORENA,1,-1,7,99,NS,99,4803.74,11,11_42
196265888,2866,24,2,1,7,2,2,2,7,1,MORENA,2,2,7,99,NS,2,3096.77,11,11_42
196265891,2866,28,1,1,7,-1,-1,-1,7,3,NS,1,-1,7,1,Aprueba,2,4000.72,11,11_42
196269936,2873,19,1,1,7,-1,-1,-1,7,1,MORENA,-1,-1,7,1,Aprueba,2,2971.9,11,11_42
196270918,2873,62,2,1,7,-1,-1,-1,7,1,MORENA,3,-1,7,1,Aprueba,2,5534.49,11,11_42
196271566,2873,30,1,1,1,-1,-1,-1,2,99,NS,99,-1,1,1,Aprueba,99,6228.51,11,11_42
196273537,2873,52,1,1,1,2,2,99,1,2,MORENA,2,-1,1,99,NS,99,2974.56,11,11_42
196272355,2873,24,2,1,7,-1,-1,-1,1,1,MORENA,-1,-1,5,1,Aprueba,1,3099.18,11,11_42
196273355,2873,36,1,1,95,-1,-1,-1,95,1,MORENA,-1,-1,95,1,Aprueba,1,3390.13,11,11_42
196274044,2902,40,2,1,95,99,99,-1,95,1,MORENA,-1,-1,95,1,Aprueba,1,4187.04,11,11_43
196275629,2902,50,2,1,7,-1,-1,-1,7,1,MORENA,2,2,7,1,Aprueba,1,2381.18,11,11_43
196276322,2902,37,2,1,95,2,-1,-1,95,1,MORENA,-1,-1,95,99,NS,99,2976.93,11,11_43
196275631,2902,64,2,1,1,-1,-1,-1,1,2,MORENA,99,-1,1,2,Desaprueba,1,4691.59,11,11_43
196274046,2902,52,1,1,1,99,-1,-1,1,99,NS,99,-1,99,99,NS,1,2319.9,11,11_43
196276324,2902,62,1,1,7,99,-1,-1,7,2,MORENA,3,-1,7,1,Aprueba,99,3086.27,11,11_43
196274047,2902,38,1,1,95,-1,-1,-1,95,1,MORENA,-1,-1,95,1,Aprueba,2,2767.06,11,11_43
196275632,2902,25,1,1,1,1,-1,-1,1,1,MORENA,3,-1,7,1,Aprueba,1,3776.92,11,11_43
196279314,3003,36,2,1,1,1,-1,-1,1,1,MORENA,1,-1,1,2,Desaprueba,1,5130.6,11,11_46
196279383,3003,58,2,1,1,1,1,-1,4,1,MORENA,1,-1,4,1,Aprueba,2,8561.01,11,11_46
196279721,3003,52,1,1,7,99,99,-1,7,1,MORENA,3,3,7,1,Aprueba,2,4598.1,11,11_46
196280117,3003,28,1,1,1,-1,99,-1,7,1,MORENA,1,-1,1,1,Aprueba,99,3903.68,11,11_46
196280342,3003,25,1,1,6,2,-1,2,1,1,MORENA,1,-1,1,1,Aprueba,99,3612.31,11,11_46
196280408,3003,24,1,1,7,-1,-1,-1,7,1,MORENA,3,-1,5,1,Aprueba,1,3808.89,11,11_46
196281118,3003,24,2,1,7,1,-1,-1,7,1,MORENA,99,-1,7,1,Aprueba,99,3413.54,11,11_46
196280788,3003,43,1,1,7,-1,1,-1,7,1,MORENA,1,-1,7,1,Aprueba,99,4372.96,11,11_46
196266276,3034,38,2,1,7,-1,-1,-1,1,1,MORENA,2,-1,7,1,Aprueba,1,4164.94,11,11_20
196267986,3034,25,1,1,7,-1,-1,2,7,1,MORENA,1,-1,7,1,Aprueba,1,5163.87,11,11_20
196254902,3081,27,2,1,6,-1,-1,-1,2,1,MORENA,3,-1,7,2,Desaprueba,2,6873.45,11,11_20
196256347,3081,37,1,1,7,3,-1,-1,7,1,MORENA,-1,-1,7,1,Aprueba,2,6883.56,11,11_20
196265046,3081,80,2,1,1,1,99,-1,1,99,NS,1,-1,2,1,Aprueba,1,9164.78,11,11_20
196125055,3133,23,1,1,7,-1,-1,-1,99,1,MORENA,3,-1,7,1,Aprueba,1,3611.5,11,11_20
196118615,3148,35,2,1,1,-1,-1,-1,1,1,MORENA,1,-1,1,1,Aprueba,1,4418.2,11,11_20
196118772,3148,61,1,1,99,1,1,-1,99,2,MORENA,2,-1,99,1,Aprueba,2,4225.76,11,11_20
196119168,3148,39,1,1,4,-1,-1,-1,5,1,MORENA,1,-1,5,2,Desaprueba,1,4339.91,11,11_20
196121077,3148,30,1,1,7,-1,-1,-1,7,1,MORENA,1,1,7,1,Aprueba,1,5020.95,11,11_20
196122459,3148,47,1,1,7,2,2,2,7,1,MORENA,2,2,7,1,Aprueba,2,3952.3,11,11_20
196176798,3159,34,1,1,1,-1,-1,-1,1,2,MORENA,-1,-1,1,2,Desaprueba,2,6279.55,11,11_20
196178902,3159,19,1,1,1,2,-1,-1,1,3,NS,3,-1,4,1,Aprueba,99,4159.84,11,11_20
196177781,3159,48,1,1,1,-1,99,-1,1,1,MORENA,1,1,1,1,Aprueba,1,4943.02,11,11_20
196180375,3159,46,1,1,7,99,99,-1,7,1,MORENA,3,-1,7,1,Aprueba,2,4291.44,11,11_20
